filename,title,college,level,url
Aboriginal_Teacher_Associate_Certificate_Program.txt,Aboriginal Teacher Associate Certificate Program,Education,Undergraduate,https://programs.usask.ca/education/aboriginal-teacher-associate-certificate-program/index.php
Accounting.txt,Accounting,Edwards School of Business,Undergraduate,https://programs.usask.ca/edwards/accounting/index.php
Accounting_2.txt,Accounting,Graduate and Postdoctoral Studies,Graduate,https://programs.usask.ca/grad-studies/accounting/index.php
Accounting_for_Decision-Making_Certificate.txt,Accounting for Decision-Making Certificate,Edwards School of Business,Undergraduate,https://programs.usask.ca/edwards/certificate-accounting-decision-making/index.php
Advanced_French_Language_and_Culture_Certificate.txt,Advanced French Language and Culture Certificate,Arts and Science,Undergraduate,https://programs.usask.ca/arts-and-science/advanced-french-language-and-culture/index.php
Advanced_Studio_Art_Certificate.txt,Advanced Studio Art Certificate,Arts and Science,Undergraduate,https://programs.usask.ca/arts-and-science/advanced-studio-art/index.php
Agribusiness.txt,Agribusiness,Agriculture and Bioresources,Undergraduate,https://programs.usask.ca/agriculture-and-bioresources/agribusiness/index.php
Agribusiness_Entrepreneurship.txt,Agribusiness Entrepreneurship,Agriculture and Bioresources,Undergraduate,https://programs.usask.ca/agriculture-and-bioresources/agribusiness-entrepreneurship/index.php
Agricultural_Biology.txt,Agricultural Biology,Agriculture and Bioresources,Undergraduate,https://programs.usask.ca/agriculture-and-bioresources/agricultural-biology/index.php
Agricultural_Economics.txt,Agricultural Economics,Agriculture and Bioresources,Undergraduate,https://programs.usask.ca/agriculture-and-bioresources/agricultural-economics/index.php
Agricultural_Economics_10.txt,Agricultural Economics,Graduate and Postdoctoral Studies,Graduate,https://programs.usask.ca/grad-studies/agricultural-economics/index.php
Agronomy.txt,Agronomy,Agriculture and Bioresources,Undergraduate,https://programs.usask.ca/agriculture-and-bioresources/agronomy/index.php
Anatomy_Physiology_and_Pharmacology.txt,"Anatomy, Physiology and Pharmacology",Graduate and Postdoctoral Studies,Graduate,https://programs.usask.ca/grad-studies/anatomy-physiology-pharmacology/index.php
Animal_Bioscience.txt,Animal Bioscience,Agriculture and Bioresources,Undergraduate,https://programs.usask.ca/agriculture-and-bioresources/animal-bioscience/index.php
Animal_Science.txt,Animal Science,Agriculture and Bioresources,Undergraduate,https://programs.usask.ca/agriculture-and-bioresources/animal-science/index.php
Animal_Science_15.txt,Animal Science,Graduate and Postdoctoral Studies,Graduate,https://programs.usask.ca/grad-studies/animal-science/index.php
Anthropology.txt,Anthropology,Arts and Science,Undergraduate,https://programs.usask.ca/arts-and-science/anthropology/index.php
Anthropology_17.txt,Anthropology,Graduate and Postdoctoral Studies,Graduate,https://programs.usask.ca/grad-studies/anthropology/index.php
Applied_Computing.txt,Applied Computing,Arts and Science,Undergraduate,https://programs.usask.ca/arts-and-science/applied-computing/index.php
Applied_Computing_19.txt,Applied Computing,Graduate and Postdoctoral Studies,Graduate,https://programs.usask.ca/grad-studies/applied-computing-grad/index.php
Applied_Economics.txt,Applied Economics,Graduate and Postdoctoral Studies,Graduate,https://programs.usask.ca/grad-studies/applied-economics/index.php
Applied_Gender_Justice_Certificate.txt,Applied Gender Justice Certificate,Arts and Science,Undergraduate,https://programs.usask.ca/arts-and-science/applied-gender-justice/index.php
Applied_Mathematics.txt,Applied Mathematics,Arts and Science,Undergraduate,https://programs.usask.ca/arts-and-science/applied-mathematics/index.php
Applied_Microbiology.txt,Applied Microbiology,Agriculture and Bioresources,Undergraduate,https://programs.usask.ca/agriculture-and-bioresources/applied-microbiology/index.php
Applied_Microbiology_24.txt,Applied Microbiology,Graduate and Postdoctoral Studies,Graduate,https://programs.usask.ca/grad-studies/applied-microbiology/index.php
Applied_Plant_Ecology.txt,Applied Plant Ecology,Agriculture and Bioresources,Undergraduate,https://programs.usask.ca/agriculture-and-bioresources/applied-plant-ecology/index.php
Archaeology.txt,Archaeology,Graduate and Postdoctoral Studies,Graduate,https://programs.usask.ca/grad-studies/archaeology/index.php
Art_History.txt,Art History,Arts and Science,Undergraduate,https://programs.usask.ca/arts-and-science/art-history/index.php
Astronomy_Certificate.txt,Astronomy Certificate,Arts and Science,Undergraduate,https://programs.usask.ca/arts-and-science/astronomy/index.php
Biochemistry.txt,Biochemistry,Arts and Science,Undergraduate,https://programs.usask.ca/arts-and-science/biochemistry/index.php
Biochemistry_Microbiology_and_Immunology.txt,"Biochemistry, Microbiology and Immunology",Arts and Science,Undergraduate,https://programs.usask.ca/arts-and-science/biochemistry-microbiology-and-immunology/index.php
Biochemistry_Microbiology_and_Immunology_31.txt,"Biochemistry, Microbiology and Immunology",Graduate and Postdoctoral Studies,Graduate,https://programs.usask.ca/grad-studies/biochemistry-microbiology-immunology/index.php
Biological_Engineering.txt,Biological Engineering,Graduate and Postdoctoral Studies,Graduate,https://programs.usask.ca/grad-studies/biological-engineering/index.php
Biological_Psychiatry.txt,Biological Psychiatry,Graduate and Postdoctoral Studies,Graduate,https://programs.usask.ca/grad-studies/biological-psychiatry/index.php
Biological_Research_Certificate.txt,Biological Research Certificate,Arts and Science,Undergraduate,https://programs.usask.ca/arts-and-science/biological-research/index.php
Biology.txt,Biology,Arts and Science,Undergraduate,https://programs.usask.ca/arts-and-science/biology/index.php
Biology_36.txt,Biology,Graduate and Postdoctoral Studies,Graduate,https://programs.usask.ca/grad-studies/biology/index.php
Biomedical_Engineering.txt,Biomedical Engineering,Graduate and Postdoctoral Studies,Graduate,https://programs.usask.ca/grad-studies/biomedical-engineering/index.php
Biomedical_Foundations.txt,Biomedical Foundations,Arts and Science,Undergraduate,https://programs.usask.ca/arts-and-science/biomedical-foundations/index.php
Biomedical_Neuroscience.txt,Biomedical Neuroscience,Arts and Science,Undergraduate,https://programs.usask.ca/arts-and-science/biomedical-neuroscience/index.php
Biostatistics.txt,Biostatistics,Graduate and Postdoctoral Studies,Graduate,https://programs.usask.ca/grad-studies/biostatistics/index.php
Biotechnology.txt,Biotechnology,Agriculture and Bioresources,Undergraduate,https://programs.usask.ca/agriculture-and-bioresources/biotechnology/index.php
Business.txt,Business,Edwards School of Business,Undergraduate,https://programs.usask.ca/edwards/certificate-business/index.php
Business_Administration.txt,Business Administration,Graduate and Postdoctoral Studies,Graduate,https://programs.usask.ca/grad-studies/business-administration/index.php
Business_Economics.txt,Business Economics,Arts and Science,Undergraduate,https://programs.usask.ca/arts-and-science/business-economics/index.php
Canadian_Literature_in_English.txt,Canadian Literature in English,Arts and Science,Undergraduate,https://programs.usask.ca/arts-and-science/canadian-literature-in-english/index.php
Catholic_Studies_Certificate.txt,Catholic Studies Certificate,Arts and Science,Undergraduate,https://programs.usask.ca/arts-and-science/catholic-studies-cert/index.php
Cellular_Physiological_and_Pharmacological_Sciences.txt,"Cellular, Physiological and Pharmacological Sciences",Arts and Science,Undergraduate,https://programs.usask.ca/arts-and-science/cellular-physiology-and-pharmacology/index.php
Certificate.txt,Certificate,Arts and Science,Undergraduate,https://programs.usask.ca/arts-and-science/spanish-language-and-culture/index.php
Certificate_in_Dental_Assisting.txt,Certificate in Dental Assisting,Dentistry,Undergraduate,https://programs.usask.ca/dentistry/dental-assisting-certificate/index.php
Chemical_Engineering.txt,Chemical Engineering,Engineering,Undergraduate,https://programs.usask.ca/engineering/chemical-engineering/index.php
Chemical_Engineering_51.txt,Chemical Engineering,Graduate and Postdoctoral Studies,Graduate,https://programs.usask.ca/grad-studies/chemical-engineering/index.php
Chemical_Risk_Assessment.txt,Chemical Risk Assessment,Graduate and Postdoctoral Studies,Graduate,https://programs.usask.ca/grad-studies/chemical-risk-assessment/index.php
Chemistry.txt,Chemistry,Arts and Science,Undergraduate,https://programs.usask.ca/arts-and-science/chemistry/index.php
Chemistry_54.txt,Chemistry,Graduate and Postdoctoral Studies,Graduate,https://programs.usask.ca/grad-studies/chemistry/index.php
Chemistry_Foundations_I_Certificate.txt,Chemistry Foundations I Certificate,Arts and Science,Undergraduate,https://programs.usask.ca/arts-and-science/chemistry-foundations/index.php
Chemistry_Foundations_II_Certificate.txt,Chemistry Foundations II Certificate,Arts and Science,Undergraduate,https://programs.usask.ca/arts-and-science/chemistry-foundations-ii/index.php
Civil_Engineering.txt,Civil Engineering,Engineering,Undergraduate,https://programs.usask.ca/engineering/civil-engineering/index.php
Civil_Engineering_58.txt,Civil Engineering,Graduate and Postdoctoral Studies,Graduate,https://programs.usask.ca/grad-studies/civil-engineering/index.php
Classical_and_Medieval_Latin_Certificate.txt,Classical and Medieval Latin Certificate,Arts and Science,Undergraduate,https://programs.usask.ca/arts-and-science/classical-medieval-latin/index.php
Classical_Medieval_and_Renaissance_Studies.txt,"Classical, Medieval and Renaissance Studies",Arts and Science,Undergraduate,https://programs.usask.ca/arts-and-science/classical-medieval-and-renaissance-studies/index.php
Classics.txt,Classics,Arts and Science,Undergraduate,https://programs.usask.ca/arts-and-science/classics/index.php
Climate_Change_Vulnerability_Assessment_and_Adaptation_Action_Certificate.txt,Climate Change Vulnerability Assessment and Adaptation Action Certificate,Graduate and Postdoctoral Studies,Graduate,https://programs.usask.ca/grad-studies/climate-change-cert/index.php
Clinical_Pharmacy.txt,Clinical Pharmacy,Graduate and Postdoctoral Studies,Graduate,https://programs.usask.ca/grad-studies/clinical-pharmacy/index.php
Community_Energy_Planning_and_Finance_Certificate.txt,Community Energy Planning and Finance Certificate,Graduate and Postdoctoral Studies,Graduate,https://programs.usask.ca/grad-studies/community-energy-planning-finance/index.php
Community_and_Population_Health_Sciences.txt,Community and Population Health Sciences,Graduate and Postdoctoral Studies,Graduate,https://programs.usask.ca/grad-studies/community-population-health-sciences./index.php
Computer_Engineering.txt,Computer Engineering,Engineering,Undergraduate,https://programs.usask.ca/engineering/computer-engineering/index.php
Computer_Science.txt,Computer Science,Arts and Science,Undergraduate,https://programs.usask.ca/arts-and-science/computer-science/index.php
Computer_Science_68.txt,Computer Science,Graduate and Postdoctoral Studies,Graduate,https://programs.usask.ca/grad-studies/computer-science/index.php
Computing_Certificate.txt,Computing Certificate,Arts and Science,Undergraduate,https://programs.usask.ca/arts-and-science/computing/index.php
Corrections.txt,Corrections,Graduate and Postdoctoral Studies,Graduate,https://programs.usask.ca/grad-studies/corrections/index.php
Creative_Writing_Certificate.txt,Creative Writing Certificate,Arts and Science,Undergraduate,https://programs.usask.ca/arts-and-science/creative-writing/index.php
Crime_Law_and_Justice_Studies.txt,"Crime, Law and Justice Studies",Arts and Science,Undergraduate,https://programs.usask.ca/arts-and-science/crime-law-and-justice-studies/index.php
Criminology_and_Addictions_Certificate.txt,Criminology and Addictions Certificate,Arts and Science,Undergraduate,https://programs.usask.ca/arts-and-science/criminology-addictions/index.php
Critical_Perspectives_on_Social_Justice_and_the_Common_Good.txt,Critical Perspectives on Social Justice and the Common Good,Arts and Science,Undergraduate,https://programs.usask.ca/arts-and-science/critical-perspectives-on-social-justice-and-the-common-good/index.php
Crop_Science.txt,Crop Science,Agriculture and Bioresources,Undergraduate,https://programs.usask.ca/agriculture-and-bioresources/crop-science/index.php
Curation_Studies_Certificate.txt,Curation Studies Certificate,Arts and Science,Undergraduate,https://programs.usask.ca/arts-and-science/curation-studies/index.php
Curriculum_Studies.txt,Curriculum Studies,Graduate and Postdoctoral Studies,Graduate,https://programs.usask.ca/grad-studies/curriculum-studies/index.php
Dental_Hygiene_-_BScDH.txt,Dental Hygiene - B.Sc.(DH),Dentistry,Undergraduate,https://programs.usask.ca/dentistry/bsc-dental-hygiene/index.php
Dental_Therapy_-_BScDT.txt,Dental Therapy - B.Sc.(DT),Dentistry,Undergraduate,https://programs.usask.ca/dentistry/bsc-deth/index.php
Dentistry_-_BSc.txt,Dentistry - B.Sc.,Dentistry,Undergraduate,https://programs.usask.ca/dentistry/bsc-dent/index.php
Dentistry_-_DMD.txt,Dentistry - D.M.D.,Dentistry,Undergraduate,https://programs.usask.ca/dentistry/dmd/index.php
Doctor_of_Pharmacy_and_Master_of_Business_Administration_Combined_Degree.txt,Doctor of Pharmacy and Master of Business Administration Combined Degree,Graduate and Postdoctoral Studies,Graduate,https://programs.usask.ca/grad-studies/pharmD-mba/index.php
Drama.txt,Drama,Arts and Science,Undergraduate,https://programs.usask.ca/arts-and-science/drama/index.php
Drama_84.txt,Drama,Graduate and Postdoctoral Studies,Graduate,https://programs.usask.ca/grad-studies/drama/index.php
Early_Childhood_Education.txt,Early Childhood Education,Education,Undergraduate,https://programs.usask.ca/education/certificate-in-early-childhood-education/index.php
Economics.txt,Economics,Arts and Science,Undergraduate,https://programs.usask.ca/arts-and-science/economics/index.php
Economics_87.txt,Economics,Graduate and Postdoctoral Studies,Graduate,https://programs.usask.ca/grad-studies/economics/index.php
Education.txt,Education,Education,Undergraduate,https://programs.usask.ca/education/bachelor-of-education-bed/index.php
Education_89.txt,Education,Graduate and Postdoctoral Studies,Graduate,https://programs.usask.ca/grad-studies/education/index.php
Education_-_Language_Teacher_Education.txt,Education - Language Teacher Education,Education,Undergraduate,https://programs.usask.ca/education/language-teacher-education-program/index.php
Education_-_Sequential_Music.txt,Education - Sequential Music,Education,Undergraduate,https://programs.usask.ca/education/bed-sequential-music/index.php
Education_-_Special_Education.txt,Education - Special Education,Education,Undergraduate,https://programs.usask.ca/education/post-degree-certificate-in-education-special-education/index.php
Educational_Administration.txt,Educational Administration,Graduate and Postdoctoral Studies,Graduate,https://programs.usask.ca/grad-studies/educational-administration/index.php
Educational_Foundations.txt,Educational Foundations,Graduate and Postdoctoral Studies,Graduate,https://programs.usask.ca/grad-studies/educational-foundations/index.php
Educational_Leadership.txt,Educational Leadership,Graduate and Postdoctoral Studies,Graduate,https://programs.usask.ca/grad-studies/educational-leadership/index.php
Educational_Psychology_and_Special_Education.txt,Educational Psychology and Special Education,Graduate and Postdoctoral Studies,Graduate,https://programs.usask.ca/grad-studies/educational-psychology-special-education/index.php
Educational_Studies_Diploma.txt,Educational Studies Diploma,Education,Undergraduate,https://programs.usask.ca/education/diploma-in-education-studies/index.php
Educational_Technology_and_Design.txt,Educational Technology and Design,Graduate and Postdoctoral Studies,Graduate,https://programs.usask.ca/grad-studies/educational-technology-design/index.php
Electrical_Engineering.txt,Electrical Engineering,Engineering,Undergraduate,https://programs.usask.ca/engineering/electrical-engineering/index.php
Electrical_Engineering_100.txt,Electrical Engineering,Graduate and Postdoctoral Studies,Graduate,https://programs.usask.ca/grad-studies/electrical-engineering/index.php
Energy_Transitions_Certificate.txt,Energy Transitions Certificate,Graduate and Postdoctoral Studies,Graduate,https://programs.usask.ca/grad-studies/energy-transitions/index.php
Engineering_Entrepreneurship_Certificate_-_Leading_Innovative_Teams.txt,Engineering Entrepreneurship Certificate - Leading Innovative Teams,Engineering,Undergraduate,https://programs.usask.ca/engineering/eng-entrepreneurship-leading-innovative-teams/index.php
Engineering_Entrepreneurship_Certificate_-_New_Product_Market.txt,Engineering Entrepreneurship Certificate - New Product Market,Engineering,Undergraduate,https://programs.usask.ca/engineering/cert-eng-entrepreneurship-new-product-market/index.php
Engineering_Innovation_and_Entrepreneurship_Certificate.txt,Engineering Innovation and Entrepreneurship Certificate,Engineering,Undergraduate,https://programs.usask.ca/engineering/eng-innovation-cert/index.php
Engineering_Physics.txt,Engineering Physics,Engineering,Undergraduate,https://programs.usask.ca/engineering/engineering-physics/index.php
Engineering_Professional_Internship_Program.txt,Engineering Professional Internship Program,Engineering,Undergraduate,https://programs.usask.ca/engineering/engineering-professional-internship-program/index.php
English.txt,English,Arts and Science,Undergraduate,https://programs.usask.ca/arts-and-science/english/index.php
English_108.txt,English,Graduate and Postdoctoral Studies,Graduate,https://programs.usask.ca/grad-studies/english/index.php
Entrepreneurship.txt,Entrepreneurship,Edwards School of Business,Undergraduate,https://programs.usask.ca/edwards/entrepreneurship/index.php
Environment_and_Society.txt,Environment and Society,Arts and Science,Undergraduate,https://programs.usask.ca/arts-and-science/environment-and-society/index.php
Environment_and_Sustainability.txt,Environment and Sustainability,Graduate and Postdoctoral Studies,Graduate,https://programs.usask.ca/grad-studies/environment-and-sustainability/index.php
Environmental_Biology.txt,Environmental Biology,Arts and Science,Undergraduate,https://programs.usask.ca/arts-and-science/environmental-biology/index.php
Environmental_Engineering.txt,Environmental Engineering,Engineering,Undergraduate,https://programs.usask.ca/engineering/environmental-engineering/index.php
Environmental_Engineering_114.txt,Environmental Engineering,Graduate and Postdoctoral Studies,Graduate,https://programs.usask.ca/grad-studies/environmental-engineering/index.php
Environmental_Geosciences.txt,Environmental Geosciences,Arts and Science,Undergraduate,https://programs.usask.ca/arts-and-science/environmental-geosciences/index.php
Environmental_Planning_Certificate.txt,Environmental Planning Certificate,Graduate and Postdoctoral Studies,Graduate,https://programs.usask.ca/grad-studies/environmental-planning/index.php
Environmental_Science.txt,Environmental Science,Agriculture and Bioresources,Undergraduate,https://programs.usask.ca/agriculture-and-bioresources/environmental-science/index.php
Epidemiology.txt,Epidemiology,Graduate and Postdoctoral Studies,Graduate,https://programs.usask.ca/grad-studies/epidemiology/index.php
Ethics_Justice_and_Law_Certificate.txt,"Ethics, Justice and Law Certificate",Arts and Science,Undergraduate,https://programs.usask.ca/arts-and-science/ethics-justice-and-law/index.php
Field_Crop_Production.txt,Field Crop Production,Agriculture and Bioresources,Undergraduate,https://programs.usask.ca/agriculture-and-bioresources/field-crop-production/index.php
Field_Epidemiology.txt,Field Epidemiology,Graduate and Postdoctoral Studies,Graduate,https://programs.usask.ca/grad-studies/field-epidemiology/index.php
Finance.txt,Finance,Edwards School of Business,Undergraduate,https://programs.usask.ca/edwards/finance/index.php
Finance_123.txt,Finance,Graduate and Postdoctoral Studies,Graduate,https://programs.usask.ca/grad-studies/finance/index.php
Financial_Management_Certificate.txt,Financial Management Certificate,Graduate and Postdoctoral Studies,Graduate,https://programs.usask.ca/grad-studies/financial-management/index.php
Food_Industry_Management.txt,Food Industry Management,Agriculture and Bioresources,Undergraduate,https://programs.usask.ca/agriculture-and-bioresources/food-industry-management/index.php
Food_Science.txt,Food Science,Arts and Science,Undergraduate,https://programs.usask.ca/arts-and-science/food-science/index.php
Food_Science_127.txt,Food Science,Graduate and Postdoctoral Studies,Graduate,https://programs.usask.ca/grad-studies/food-science/index.php
Food_and_Bioproduct_Sciences.txt,Food and Bioproduct Sciences,Agriculture and Bioresources,Undergraduate,https://programs.usask.ca/agriculture-and-bioresources/food-and-bioproduct-sciences/index.php
Food_and_Bioproduct_Sciences_129.txt,Food and Bioproduct Sciences,Graduate and Postdoctoral Studies,Graduate,https://programs.usask.ca/grad-studies/food-and-bioproduct-sciences/index.php
Food_and_Nutrition.txt,Food and Nutrition,Agriculture and Bioresources,Undergraduate,https://programs.usask.ca/agriculture-and-bioresources/food-nutrition/index.php
Formal_Reasoning_Certificate.txt,Formal Reasoning Certificate,Arts and Science,Undergraduate,https://programs.usask.ca/arts-and-science/formal-reasoning/index.php
Foundational_Pathways_in_Arts_and_Science_Certificate.txt,Foundational Pathways in Arts and Science Certificate,Arts and Science,Undergraduate,https://programs.usask.ca/arts-and-science/foundational-pathways/index.php
Foundations_for_Registered_Nurse_Specialty_Practice_Certificate.txt,Foundations for Registered Nurse Specialty Practice Certificate,Graduate and Postdoctoral Studies,Graduate,https://programs.usask.ca/grad-studies/foundations-registered-nurse-specialty-practice/index.php
Foundations_of_Drama_Certificate.txt,Foundations of Drama Certificate,Arts and Science,Undergraduate,https://programs.usask.ca/arts-and-science/foundations-of-drama/index.php
Foundations_of_Studio_Art_Certificate.txt,Foundations of Studio Art Certificate,Arts and Science,Undergraduate,https://programs.usask.ca/arts-and-science/foundations-studio-art/index.php
French.txt,French,Arts and Science,Undergraduate,https://programs.usask.ca/arts-and-science/french/index.php
French_137.txt,French,Graduate and Postdoctoral Studies,Graduate,https://programs.usask.ca/grad-studies/french/index.php
French-English_Translation_Certificate.txt,French-English Translation Certificate,Arts and Science,Undergraduate,https://programs.usask.ca/arts-and-science/french-english-translation/index.php
Gender_Sexualities_and_Social_Justice.txt,"Gender, Sexualities and Social Justice",Arts and Science,Undergraduate,https://programs.usask.ca/arts-and-science/gender-sexualities-and-social-justice/index.php
Gender_Sexualities_and_Social_Justice_140.txt,"Gender, Sexualities and Social Justice",Graduate and Postdoctoral Studies,Graduate,https://programs.usask.ca/grad-studies/gender-sexualities-and-social-justice/index.php
Geography.txt,Geography,Graduate and Postdoctoral Studies,Graduate,https://programs.usask.ca/grad-studies/geography/index.php
Geological_Engineering.txt,Geological Engineering,Engineering,Undergraduate,https://programs.usask.ca/engineering/geological-engineering/index.php
Geological_Sciences.txt,Geological Sciences,Graduate and Postdoctoral Studies,Graduate,https://programs.usask.ca/grad-studies/geological-sciences/index.php
Geology.txt,Geology,Arts and Science,Undergraduate,https://programs.usask.ca/arts-and-science/geology/index.php
Geology_Fundamentals_Certificate.txt,Geology Fundamentals Certificate,Arts and Science,Undergraduate,https://programs.usask.ca/arts-and-science/geology-fundamentals/index.php
Geophysics.txt,Geophysics,Arts and Science,Undergraduate,https://programs.usask.ca/arts-and-science/geophysics/index.php
German_or_Recognition.txt,German or Recognition,Arts and Science,Undergraduate,https://programs.usask.ca/arts-and-science/german/index.php
Global_Health.txt,Global Health,Medicine,Undergraduate,https://programs.usask.ca/medicine/global-health/index.php
Global_Studies_Certificate.txt,Global Studies Certificate,Arts and Science,Undergraduate,https://programs.usask.ca/arts-and-science/global-studies/index.php
Governance_Foundations_for_Sustainability_Certificate.txt,Governance Foundations for Sustainability Certificate,Graduate and Postdoctoral Studies,Graduate,https://programs.usask.ca/grad-studies/governance-foundations-sustainability/index.php
Governance_and_Entrepreneurship_in_Northern_and_Indigenous_Areas.txt,Governance and Entrepreneurship in Northern and Indigenous Areas,Graduate and Postdoctoral Studies,Graduate,https://programs.usask.ca/grad-studies/governance-entrepreneurship-northern-indigenous-areas/index.php
Hard_Rock_Geoscience_Certificate.txt,Hard Rock Geoscience Certificate,Arts and Science,Undergraduate,https://programs.usask.ca/arts-and-science/hard-rock-geoscience/index.php
Health_Professions_Education.txt,Health Professions Education,Graduate and Postdoctoral Studies,Graduate,https://programs.usask.ca/grad-studies/health-professions-education/index.php
Health_Sciences.txt,Health Sciences,Graduate and Postdoctoral Studies,Graduate,https://programs.usask.ca/grad-studies/health-sciences/index.php
Health_Studies.txt,Health Studies,Arts and Science,Undergraduate,https://programs.usask.ca/arts-and-science/health-studies/index.php
History.txt,History,Arts and Science,Undergraduate,https://programs.usask.ca/arts-and-science/history/index.php
Horticulture_Science.txt,Horticulture Science,Agriculture and Bioresources,Undergraduate,https://programs.usask.ca/agriculture-and-bioresources/horticulture-science/index.php
Human_Nutrition_Certificate.txt,Human Nutrition Certificate,Pharmacy and Nutrition,Undergraduate,https://programs.usask.ca/pharmacy-nutrition/human-nutrition-cert/index.php
Human_Nutrition_for_Internationally_Trained_Dietitians_Certificate.txt,Human Nutrition for Internationally Trained Dietitians Certificate,Pharmacy and Nutrition,Undergraduate,https://programs.usask.ca/pharmacy-nutrition/internationally-trained-dieticians/index.php
Human_Resources.txt,Human Resources,Edwards School of Business,Undergraduate,https://programs.usask.ca/edwards/human-resources/index.php
Hydrology.txt,Hydrology,Arts and Science,Undergraduate,https://programs.usask.ca/arts-and-science/hydrology/index.php
Hydrology_Certificate.txt,Hydrology Certificate,Graduate and Postdoctoral Studies,Graduate,https://programs.usask.ca/grad-studies/hydrology-cert/index.php
Indian_Teacher_Education_Program.txt,Indian Teacher Education Program,Education,Undergraduate,https://programs.usask.ca/education/itep/index.php
Indigenous_Business_Administration_Certificate.txt,Indigenous Business Administration Certificate,Edwards School of Business,Undergraduate,https://programs.usask.ca/edwards/indigenous-business-administration/index.php
Indigenous_Governance_and_Politics_Certificate.txt,Indigenous Governance and Politics Certificate,Arts and Science,Undergraduate,https://programs.usask.ca/arts-and-science/indigenous-governance-and-politics/index.php
Indigenous_Land-Based_Education.txt,Indigenous Land-Based Education,Graduate and Postdoctoral Studies,Graduate,https://programs.usask.ca/grad-studies/indigenous-land-based-education/index.php
Indigenous_Languages.txt,Indigenous Languages,Education,Undergraduate,https://programs.usask.ca/education/certificate-in-indigenous-languages/index.php
Indigenous_Nation_Building_Certificate.txt,Indigenous Nation Building Certificate,Graduate and Postdoctoral Studies,Graduate,https://programs.usask.ca/grad-studies/indigenous-nation-building/index.php
Indigenous_Studies.txt,Indigenous Studies,Arts and Science,Undergraduate,https://programs.usask.ca/arts-and-science/indigenous-studies/index.php
Indigenous_Studies_170.txt,Indigenous Studies,Graduate and Postdoctoral Studies,Graduate,https://programs.usask.ca/grad-studies/indigenous-studies/index.php
Individual_Interdisciplinary_Graduate_Programs.txt,Individual Interdisciplinary Graduate Programs,Graduate and Postdoctoral Studies,Graduate,https://programs.usask.ca/grad-studies/individual-interdisciplinary-graduate-programs/index.php
Interdisciplinary_Biomedical_Sciences.txt,Interdisciplinary Biomedical Sciences,Arts and Science,Undergraduate,https://programs.usask.ca/arts-and-science/interdisciplinary-biomedical-sci/index.php
Intermediate_French_Language_and_Culture_Certificate.txt,Intermediate French Language and Culture Certificate,Arts and Science,Undergraduate,https://programs.usask.ca/arts-and-science/intermediate-french-language-and-culture/index.php
Intermediate_Studio_Art_Certificate.txt,Intermediate Studio Art Certificate,Arts and Science,Undergraduate,https://programs.usask.ca/arts-and-science/intermediate-studio-art/index.php
International_Business_Minor.txt,International Business Minor,Edwards School of Business,Undergraduate,https://programs.usask.ca/edwards/international-business1/index.php
International_Dental_Degree_Program.txt,International Dental Degree Program,Dentistry,Undergraduate,https://programs.usask.ca/dentistry/iddp/index.php
International_Public_Management_and_Administration.txt,International Public Management and Administration,Graduate and Postdoctoral Studies,Graduate,https://programs.usask.ca/grad-studies/international-public-management-administration/index.php
International_Studies.txt,International Studies,Arts and Science,Undergraduate,https://programs.usask.ca/arts-and-science/international-studies/index.php
Internationally_Educated_Teachers_Certificate.txt,Internationally Educated Teachers Certificate,Education,Undergraduate,https://programs.usask.ca/education/internationally-educated-teachers-certificate-ietc/index.php
Introductory_Agriculture_Certificate.txt,Introductory Agriculture Certificate,Agriculture and Bioresources,Undergraduate,https://programs.usask.ca/agriculture-and-bioresources/introductory-agriculture/index.php
Japanese_Language_and_Culture_Certificate.txt,Japanese Language and Culture Certificate,Arts and Science,Undergraduate,https://programs.usask.ca/arts-and-science/japanese-language-and-culture/index.php
Jazz_Certificate.txt,Jazz Certificate,Arts and Science,Undergraduate,https://programs.usask.ca/arts-and-science/jazz/index.php
Jewish_and_Christian_Origins_Certificate.txt,Jewish and Christian Origins Certificate,Arts and Science,Undergraduate,https://programs.usask.ca/arts-and-science/jewish-christian-origins/index.php
Juris_Doctor_and_Master_of_Business_Administration_Combined_Degree.txt,Juris Doctor and Master of Business Administration Combined Degree,Graduate and Postdoctoral Studies,Graduate,https://programs.usask.ca/grad-studies/juris-doctor-master-business-administration-combined-degree/index.php
Kanawayihetaytan_Askiy.txt,Kanawayihetaytan Askiy,Agriculture and Bioresources,Undergraduate,https://programs.usask.ca/agriculture-and-bioresources/kanawayihetaytan-askiy/index.php
Kinesiology.txt,Kinesiology,Graduate and Postdoctoral Studies,Graduate,https://programs.usask.ca/grad-studies/kinesiology/index.php
Kinesiology_-_Exercise_and_Sport_Studies.txt,Kinesiology - Exercise and Sport Studies,Kinesiology,Undergraduate,https://programs.usask.ca/kinesiology/exercise-and-sport-studies/index.php
Kinesiology_Education_-_combined_program.txt,Kinesiology / Education - combined program,Education,Undergraduate,https://programs.usask.ca/education/bsc-kin-bed-combined-program/index.php
Labour_Studies_Certificate.txt,Labour Studies Certificate,Arts and Science,Undergraduate,https://programs.usask.ca/arts-and-science/labour-studies/index.php
Large_Animal_Clinical_Sciences.txt,Large Animal Clinical Sciences,Graduate and Postdoctoral Studies,Graduate,https://programs.usask.ca/grad-studies/large-animal-clinical-sciences/index.php
Large_Animal_Specialty_Veterinary_Internship_Certificate.txt,Large Animal Specialty Veterinary Internship Certificate,Graduate and Postdoctoral Studies,Graduate,https://programs.usask.ca/grad-studies/large-animal-specialty-internship-certificate/index.php
Law.txt,Law,Law,Undergraduate,https://programs.usask.ca/law/juris-doctor/index.php
Law_193.txt,Law,Graduate and Postdoctoral Studies,Graduate,https://programs.usask.ca/grad-studies/law/index.php
Leadership_Certificate.txt,Leadership Certificate,Graduate and Postdoctoral Studies,Graduate,https://programs.usask.ca/grad-studies/leadership-cert/index.php
Leadership_in_Post-Secondary_Education.txt,Leadership in Post-Secondary Education,Education,Undergraduate,https://programs.usask.ca/education/certificate-in-leadership-in-post-secondary-education/index.php
Linguistics.txt,Linguistics,Arts and Science,Undergraduate,https://programs.usask.ca/arts-and-science/linguistics/index.php
Linguistics_197.txt,Linguistics,Graduate and Postdoctoral Studies,Graduate,https://programs.usask.ca/grad-studies/linguistics/index.php
Management.txt,Management,Edwards School of Business,Undergraduate,https://programs.usask.ca/edwards/management/index.php
Management_199.txt,Management,Graduate and Postdoctoral Studies,Graduate,https://programs.usask.ca/grad-studies/management/index.php
Marketing.txt,Marketing,Edwards School of Business,Undergraduate,https://programs.usask.ca/edwards/marketing/index.php
Marketing_201.txt,Marketing,Graduate and Postdoctoral Studies,Graduate,https://programs.usask.ca/grad-studies/marketing/index.php
Mathematical_Modelling_Certificate.txt,Mathematical Modelling Certificate,Arts and Science,Undergraduate,https://programs.usask.ca/arts-and-science/mathematical-modelling/index.php
Mathematical_Physics.txt,Mathematical Physics,Arts and Science,Undergraduate,https://programs.usask.ca/arts-and-science/mathematical-physics/index.php
Mathematics.txt,Mathematics,Arts and Science,Undergraduate,https://programs.usask.ca/arts-and-science/mathematics/index.php
Mathematics_205.txt,Mathematics,Graduate and Postdoctoral Studies,Graduate,https://programs.usask.ca/grad-studies/mathematics/index.php
Mechanical_Engineering.txt,Mechanical Engineering,Engineering,Undergraduate,https://programs.usask.ca/engineering/mechanical-engineering/index.php
Mechanical_Engineering_207.txt,Mechanical Engineering,Graduate and Postdoctoral Studies,Graduate,https://programs.usask.ca/grad-studies/mechanical-engineering/index.php
Medical_Language_Certificate.txt,Medical Language Certificate,Arts and Science,Undergraduate,https://programs.usask.ca/arts-and-science/medical-language/index.php
Medicine.txt,Medicine,Medicine,Undergraduate,https://programs.usask.ca/medicine/md/index.php
Modern_Languages.txt,Modern Languages,Arts and Science,Undergraduate,https://programs.usask.ca/arts-and-science/modern-languages/index.php
Music.txt,Music,Arts and Science,Undergraduate,https://programs.usask.ca/arts-and-science/music/index.php
Music_212.txt,Music,Graduate and Postdoctoral Studies,Graduate,https://programs.usask.ca/grad-studies/music/index.php
Music_Education.txt,Music Education,Arts and Science,Undergraduate,https://programs.usask.ca/arts-and-science/music-education/index.php
Music_and_Wellbeing_Certificate.txt,Music and Wellbeing Certificate,Arts and Science,Undergraduate,https://programs.usask.ca/arts-and-science/music-and-wellbeing/index.php
Nursing.txt,Nursing,Nursing,Undergraduate,https://programs.usask.ca/nursing/bsn/index.php
Nursing_216.txt,Nursing,Graduate and Postdoctoral Studies,Graduate,https://programs.usask.ca/grad-studies/nursing/index.php
Nursing_post-degree.txt,"Nursing, post-degree",Nursing,Undergraduate,https://programs.usask.ca/nursing/pdbsn/index.php
Nutrition.txt,Nutrition,Pharmacy and Nutrition,Undergraduate,https://programs.usask.ca/pharmacy-nutrition/nutrition/index.php
Nutrition_219.txt,Nutrition,Graduate and Postdoctoral Studies,Graduate,https://programs.usask.ca/grad-studies/nutrition/index.php
Occupational_Therapy.txt,Occupational Therapy,Graduate and Postdoctoral Studies,Graduate,https://programs.usask.ca/grad-studies/occupational-therapy/index.php
One_Health.txt,One Health,Veterinary Medicine,Undergraduate,https://programs.usask.ca/veterinary-medicine/certificate-one-health/index.php
One_Health_222.txt,One Health,Graduate and Postdoctoral Studies,Graduate,https://programs.usask.ca/grad-studies/one-health/index.php
Palaeobiology.txt,Palaeobiology,Arts and Science,Undergraduate,https://programs.usask.ca/arts-and-science/palaeobiology/index.php
Peace_Studies_Certificate.txt,Peace Studies Certificate,Arts and Science,Undergraduate,https://programs.usask.ca/arts-and-science/peace-studies/index.php
Periodontology.txt,Periodontology,Graduate and Postdoctoral Studies,Graduate,https://programs.usask.ca/grad-studies/periodontology/index.php
Pharmacy.txt,Pharmacy,Pharmacy and Nutrition,Undergraduate,https://programs.usask.ca/pharmacy-nutrition/pharmacy/index.php
Pharmacy_227.txt,Pharmacy,Graduate and Postdoctoral Studies,Graduate,https://programs.usask.ca/grad-studies/pharmacy/index.php
Philosophy.txt,Philosophy,Arts and Science,Undergraduate,https://programs.usask.ca/arts-and-science/philosophy/index.php
Physical_Therapy.txt,Physical Therapy,Graduate and Postdoctoral Studies,Graduate,https://programs.usask.ca/grad-studies/physical-therapy/index.php
Physician_Assistant_Studies.txt,Physician Assistant Studies,Graduate and Postdoctoral Studies,Graduate,https://programs.usask.ca/grad-studies/physician-assistant-studies/index.php
Physics.txt,Physics,Arts and Science,Undergraduate,https://programs.usask.ca/arts-and-science/physics/index.php
Physics_and_Engineering_Physics.txt,Physics and Engineering Physics,Graduate and Postdoctoral Studies,Graduate,https://programs.usask.ca/grad-studies/physics-engineering-physics/index.php
Plant_Sciences.txt,Plant Sciences,Graduate and Postdoctoral Studies,Graduate,https://programs.usask.ca/grad-studies/plant-sciences/index.php
Political_Studies.txt,Political Studies,Arts and Science,Undergraduate,https://programs.usask.ca/arts-and-science/political-studies/index.php
Political_Studies_235.txt,Political Studies,Graduate and Postdoctoral Studies,Graduate,https://programs.usask.ca/grad-studies/political-studies/index.php
Politics_and_Law_Certificate.txt,Politics and Law Certificate,Arts and Science,Undergraduate,https://programs.usask.ca/arts-and-science/politics-law/index.php
Postgraduate_Medical_Training_Programs.txt,Postgraduate Medical Training Programs,Medicine,Undergraduate,https://programs.usask.ca/medicine/postgraduate-medical-training-programs/index.php
Practical_and_Applied_Arts.txt,Practical and Applied Arts,Education,Undergraduate,https://programs.usask.ca/education/certificate-in-practical-and-applied-arts/index.php
Prairie_Horticulture_Certificate.txt,Prairie Horticulture Certificate,Agriculture and Bioresources,Undergraduate,https://programs.usask.ca/agriculture-and-bioresources/prairie-horticulture/index.php
Precision_Agriculture_Certificate.txt,Precision Agriculture Certificate,Agriculture and Bioresources,Undergraduate,https://programs.usask.ca/agriculture-and-bioresources/precision-agriculture/index.php
Precision_Oral_and_Systemic_Health.txt,Precision Oral and Systemic Health,Graduate and Postdoctoral Studies,Graduate,https://programs.usask.ca/grad-studies/precision-oral-systemic-health/index.php
Professional_Communication_Leadership_and_Negotiation_Certificate.txt,Professional Communication ‐ Leadership and Negotiation Certificate,Engineering,Undergraduate,https://programs.usask.ca/engineering/professional-communication-leadership-negotiation/index.php
Professional_Communication_Persuasive_Communication_Certificate.txt,Professional Communication ‐ Persuasive Communication Certificate,Engineering,Undergraduate,https://programs.usask.ca/engineering/professional-communication-persuasive-communication/index.php
Professional_Communication_Technical_and_Professional_Writing_Certificate.txt,Professional Communication ‐ Technical and Professional Writing Certificate,Engineering,Undergraduate,https://programs.usask.ca/engineering/professional-communication-technical-professional-writing/index.php
Professional_Skills_Certificate.txt,Professional Skills Certificate,Graduate and Postdoctoral Studies,Graduate,https://programs.usask.ca/grad-studies/professional-skills-certificate/index.php
Psychology.txt,Psychology,Arts and Science,Undergraduate,https://programs.usask.ca/arts-and-science/psychology/index.php
Psychology_247.txt,Psychology,Graduate and Postdoctoral Studies,Graduate,https://programs.usask.ca/grad-studies/psychology/index.php
Public_Administration.txt,Public Administration,Graduate and Postdoctoral Studies,Graduate,https://programs.usask.ca/grad-studies/public-administration/index.php
Public_Administration_Certificate.txt,Public Administration Certificate,Graduate and Postdoctoral Studies,Graduate,https://programs.usask.ca/grad-studies/public-administration-cert/index.php
Public_Health.txt,Public Health,Graduate and Postdoctoral Studies,Graduate,https://programs.usask.ca/grad-studies/public-health/index.php
Public_Health_Nursing.txt,Public Health Nursing,Graduate and Postdoctoral Studies,Graduate,https://programs.usask.ca/grad-studies/public-health-nursing/index.php
Public_Policy_Research_Certificate.txt,Public Policy Research Certificate,Graduate and Postdoctoral Studies,Graduate,https://programs.usask.ca/grad-studies/public-policy-research-cert/index.php
Quantitative_Geosciences_Certificate.txt,Quantitative Geosciences Certificate,Arts and Science,Undergraduate,https://programs.usask.ca/arts-and-science/quantitative-geosciences/index.php
Queer_Theory_Gender_Diversity_and_Sexualities_Studies_Certificate.txt,"Queer Theory, Gender Diversity, and Sexualities Studies Certificate",Arts and Science,Undergraduate,https://programs.usask.ca/arts-and-science/queer-theory-gender-diversity-sexualities-studies/index.php
Rangeland_Resources.txt,Rangeland Resources,Agriculture and Bioresources,Undergraduate,https://programs.usask.ca/agriculture-and-bioresources/rangeland-resources/index.php
Regional_and_Urban_Planning.txt,Regional and Urban Planning,Arts and Science,Undergraduate,https://programs.usask.ca/arts-and-science/regional-and-urban-planning/index.php
Religion_and_Culture.txt,Religion and Culture,Arts and Science,Undergraduate,https://programs.usask.ca/arts-and-science/religion-culture/index.php
Religion_and_Culture_258.txt,Religion and Culture,Graduate and Postdoctoral Studies,Graduate,https://programs.usask.ca/grad-studies/religion-and-culture/index.php
Religious_Literacy_Certificate.txt,Religious Literacy Certificate,Arts and Science,Undergraduate,https://programs.usask.ca/arts-and-science/religious-literacy/index.php
Resource_Economics_and_Policy.txt,Resource Economics and Policy,Agriculture and Bioresources,Undergraduate,https://programs.usask.ca/agriculture-and-bioresources/resource-economics-and-policy/index.php
Resource_Science.txt,Resource Science,Agriculture and Bioresources,Undergraduate,https://programs.usask.ca/agriculture-and-bioresources/resource-science/index.php
STEM_Accelerator_Certificate.txt,STEM Accelerator Certificate,Arts and Science,Undergraduate,https://programs.usask.ca/arts-and-science/stem-accelerator/index.php
Saskatchewan_Urban_Native_Teacher_Education_Program.txt,Saskatchewan Urban Native Teacher Education Program,Education,Undergraduate,https://programs.usask.ca/education/suntep/index.php
Scholarship_of_Teaching_and_Learning.txt,Scholarship of Teaching and Learning,Graduate and Postdoctoral Studies,Graduate,https://programs.usask.ca/grad-studies/scholarship-teaching-learning/index.php
Secondary_Technical_Vocational_Education.txt,Secondary Technical Vocational Education,Education,Undergraduate,https://programs.usask.ca/education/certificate-in-secondary-technical-vocational-education/index.php
Sedimentary_Geology_Certificate.txt,Sedimentary Geology Certificate,Arts and Science,Undergraduate,https://programs.usask.ca/arts-and-science/sedimentary-geology/index.php
Small_Animal_Clinical_Sciences.txt,Small Animal Clinical Sciences,Graduate and Postdoctoral Studies,Graduate,https://programs.usask.ca/grad-studies/small-animal-clinical-sciences/index.php
Small_Animal_Rotating_Veterinary_Internship.txt,Small Animal Rotating Veterinary Internship,Graduate and Postdoctoral Studies,Graduate,https://programs.usask.ca/grad-studies/small-animal-rotating-internship-certificate/index.php
Small_Animal_Specialty_Veterinary_Internship.txt,Small Animal Specialty Veterinary Internship,Graduate and Postdoctoral Studies,Graduate,https://programs.usask.ca/grad-studies/small-animal-specialty-internship-certificate/index.php
Sociology.txt,Sociology,Arts and Science,Undergraduate,https://programs.usask.ca/arts-and-science/sociology/index.php
Sociology_271.txt,Sociology,Graduate and Postdoctoral Studies,Graduate,https://programs.usask.ca/grad-studies/sociology/index.php
Soil_Science.txt,Soil Science,Agriculture and Bioresources,Undergraduate,https://programs.usask.ca/agriculture-and-bioresources/soil-science/index.php
Soil_Science_273.txt,Soil Science,Graduate and Postdoctoral Studies,Graduate,https://programs.usask.ca/grad-studies/soil-science/index.php
Spanish.txt,Spanish,Arts and Science,Undergraduate,https://programs.usask.ca/arts-and-science/spanish/index.php
Speech_Development_and_Diversity_-_Certificate.txt,Speech Development and Diversity - Certificate,Arts and Science,Undergraduate,https://programs.usask.ca/arts-and-science/speech-development-and-diversity/index.php
Speech-Language_Pathology.txt,Speech-Language Pathology,Graduate and Postdoctoral Studies,Graduate,https://programs.usask.ca/grad-studies/speech-language-pathology/index.php
Statistical_Methods_Certificate.txt,Statistical Methods Certificate,Arts and Science,Undergraduate,https://programs.usask.ca/arts-and-science/statistical-methods/index.php
Statistics.txt,Statistics,Arts and Science,Undergraduate,https://programs.usask.ca/arts-and-science/statistics/index.php#Programs#Programs
Statistics_279.txt,Statistics,Graduate and Postdoctoral Studies,Graduate,https://programs.usask.ca/grad-studies/statistics/index.php
Studio_Art.txt,Studio Art,Arts and Science,Undergraduate,https://programs.usask.ca/arts-and-science/studio-art/index.php
Studio_Art_281.txt,Studio Art,Graduate and Postdoctoral Studies,Graduate,https://programs.usask.ca/grad-studies/studio-art/index.php
Study_of_Indigenous_Storytelling_Certificate.txt,Study of Indigenous Storytelling Certificate,Arts and Science,Undergraduate,https://programs.usask.ca/arts-and-science/study-indigenous-storytelling/index.php
Substance_Use_and_Wellbeing_Certificate.txt,Substance Use and Wellbeing Certificate,Graduate and Postdoctoral Studies,Graduate,https://programs.usask.ca/grad-studies/substance-use-health-wellbeing/index.php
Supply_Chain_Management.txt,Supply Chain Management,Edwards School of Business,Undergraduate,https://programs.usask.ca/edwards/supply-chain-management/index.php
Sustainability.txt,Sustainability,School of Environment and Sustainability,Undergraduate,https://programs.usask.ca/sens/sustainability/index.php
Sustainability_286.txt,Sustainability,Graduate and Postdoctoral Studies,Graduate,https://programs.usask.ca/grad-studies/sustainability/index.php
Sustainability_Solutions_Certificate.txt,Sustainability Solutions Certificate,Graduate and Postdoctoral Studies,Graduate,https://programs.usask.ca/grad-studies/sustainability-solutions/index.php
Sustainable_Water_Management_Certificate.txt,Sustainable Water Management Certificate,Graduate and Postdoctoral Studies,Graduate,https://programs.usask.ca/grad-studies/sustainable-water-management/index.php
Teaching_English_as_a_Second_Language_Certificate.txt,Teaching English as a Second Language Certificate,Education,Undergraduate,https://programs.usask.ca/education/post-degree-certificate-in-english-as-an-additional-language-education/index.php
Teaching_English_to_Speakers_of_Other_Languages.txt,Teaching English to Speakers of Other Languages,Graduate and Postdoctoral Studies,Graduate,https://programs.usask.ca/grad-studies/teaching-english-speakers-other-languages/index.php
Teaching_Preparation_Certificate.txt,Teaching Preparation Certificate,Graduate and Postdoctoral Studies,Graduate,https://programs.usask.ca/grad-studies/teaching-preparation-certificate/index.php
Teaching_and_Learning_in_Health_Professions_Education_Certificate.txt,Teaching and Learning in Health Professions Education Certificate,Graduate and Postdoctoral Studies,Graduate,https://programs.usask.ca/grad-studies/teaching-learning-health-professions/index.php
The_University_Catalogue_is_the_University_of_Saskatchewans_official_source_of_c.txt,"The University Catalogue is the University of Saskatchewan’s official source of course and program information. This Catalogue is effective May 1, 2026 to April 30, 2027.",Unknown,Undergraduate,https://programs.usask.ca/index.php
Toxicology.txt,Toxicology,Arts and Science,Undergraduate,https://programs.usask.ca/arts-and-science/toxicology/index.php
Toxicology_295.txt,Toxicology,Graduate and Postdoctoral Studies,Graduate,https://programs.usask.ca/grad-studies/toxicology/index.php
Ukrainian.txt,Ukrainian,Arts and Science,Undergraduate,https://programs.usask.ca/arts-and-science/ukrainian/index.php
Ukrainian_Studies_Certificate.txt,Ukrainian Studies Certificate,Arts and Science,Undergraduate,https://programs.usask.ca/arts-and-science/ukrainian-studies/index.php
Urban_Design_Certificate.txt,Urban Design Certificate,Arts and Science,Undergraduate,https://programs.usask.ca/arts-and-science/urban-design-cert/index.php
Vaccinology_and_Immunotherapeutics.txt,Vaccinology and Immunotherapeutics,Graduate and Postdoctoral Studies,Graduate,https://programs.usask.ca/grad-studies/vaccinology-and-immunotherapeutics/index.php
Veterinary_Biomedical_Sciences.txt,Veterinary Biomedical Sciences,Graduate and Postdoctoral Studies,Graduate,https://programs.usask.ca/grad-studies/veterinary-biomedical-sciences/index.php
Veterinary_Diagnostic_Pathology_Certificate.txt,Veterinary Diagnostic Pathology Certificate,Graduate and Postdoctoral Studies,Graduate,https://programs.usask.ca/grad-studies/vet-diagnostic-pathology-certificate/index.php
Veterinary_Medicine.txt,Veterinary Medicine,Veterinary Medicine,Undergraduate,https://programs.usask.ca/veterinary-medicine/dvm/index.php
Veterinary_Microbiology.txt,Veterinary Microbiology,Graduate and Postdoctoral Studies,Graduate,https://programs.usask.ca/grad-studies/veterinary-microbiology/index.php
Veterinary_Pathology.txt,Veterinary Pathology,Graduate and Postdoctoral Studies,Graduate,https://programs.usask.ca/grad-studies/veterinary-pathology/index.php
Water_Resources_Certificate.txt,Water Resources Certificate,Graduate and Postdoctoral Studies,Graduate,https://programs.usask.ca/grad-studies/water-resources/index.php
Water_Science_Certificate.txt,Water Science Certificate,Arts and Science,Undergraduate,https://programs.usask.ca/arts-and-science/water-science-cert/index.php
Water_Science_Certificate_307.txt,Water Science Certificate,Graduate and Postdoctoral Studies,Graduate,https://programs.usask.ca/grad-studies/water-science/index.php
Water_Security.txt,Water Security,Graduate and Postdoctoral Studies,Graduate,https://programs.usask.ca/grad-studies/water-security/index.php
Writing.txt,Writing,Graduate and Postdoctoral Studies,Graduate,https://programs.usask.ca/grad-studies/writing/index.php
wîcêhtowin_Theatre_Certificate.txt,wîcêhtowin Theatre Certificate,Arts and Science,Undergraduate,https://programs.usask.ca/arts-and-science/wicehtowin-theatre/index.php
